"tollgate_id","time_window","direction","volume"
1,"[2016-10-25 08:00:00,2016-10-25 08:20:00)",0,47.5600
1,"[2016-10-25 08:20:00,2016-10-25 08:40:00)",0,51.4100
1,"[2016-10-25 08:40:00,2016-10-25 09:00:00)",0,48.1900
1,"[2016-10-25 09:00:00,2016-10-25 09:20:00)",0,47.7100
1,"[2016-10-25 09:20:00,2016-10-25 09:40:00)",0,47.1900
1,"[2016-10-25 09:40:00,2016-10-25 10:00:00)",0,48.4800
1,"[2016-10-25 08:00:00,2016-10-25 08:20:00)",0,46.2500
1,"[2016-10-25 08:20:00,2016-10-25 08:40:00)",0,47.5500
1,"[2016-10-25 08:40:00,2016-10-25 09:00:00)",0,46.3400
1,"[2016-10-25 09:00:00,2016-10-25 09:20:00)",0,51.5800
1,"[2016-10-25 09:20:00,2016-10-25 09:40:00)",0,46.2000
1,"[2016-10-25 09:40:00,2016-10-25 10:00:00)",0,49.0600
1,"[2016-10-25 08:00:00,2016-10-25 08:20:00)",0,43.5600
1,"[2016-10-25 08:20:00,2016-10-25 08:40:00)",0,47.0100
1,"[2016-10-25 08:40:00,2016-10-25 09:00:00)",0,48.1500
1,"[2016-10-25 09:00:00,2016-10-25 09:20:00)",0,42.5000
1,"[2016-10-25 09:20:00,2016-10-25 09:40:00)",0,43.7700
1,"[2016-10-25 09:40:00,2016-10-25 10:00:00)",0,48.7000
1,"[2016-10-25 08:00:00,2016-10-25 08:20:00)",0,41.4700
1,"[2016-10-25 08:20:00,2016-10-25 08:40:00)",0,54.3900
1,"[2016-10-25 08:40:00,2016-10-25 09:00:00)",0,53.4900
1,"[2016-10-25 09:00:00,2016-10-25 09:20:00)",0,49.9400
1,"[2016-10-25 09:20:00,2016-10-25 09:40:00)",0,53.0800
1,"[2016-10-25 09:40:00,2016-10-25 10:00:00)",0,55.5700
1,"[2016-10-25 08:00:00,2016-10-25 08:20:00)",0,42.4300
1,"[2016-10-25 08:20:00,2016-10-25 08:40:00)",0,48.2300
1,"[2016-10-25 08:40:00,2016-10-25 09:00:00)",0,47.3000
1,"[2016-10-25 09:00:00,2016-10-25 09:20:00)",0,43.2000
1,"[2016-10-25 09:20:00,2016-10-25 09:40:00)",0,43.9800
1,"[2016-10-25 09:40:00,2016-10-25 10:00:00)",0,48.0600
1,"[2016-10-25 08:00:00,2016-10-25 08:20:00)",0,56.6000
1,"[2016-10-25 08:20:00,2016-10-25 08:40:00)",0,69.9200
1,"[2016-10-25 08:40:00,2016-10-25 09:00:00)",0,58.1100
1,"[2016-10-25 09:00:00,2016-10-25 09:20:00)",0,79.5300
1,"[2016-10-25 09:20:00,2016-10-25 09:40:00)",0,86.4400
1,"[2016-10-25 09:40:00,2016-10-25 10:00:00)",0,90.3900
1,"[2016-10-25 08:00:00,2016-10-25 08:20:00)",0,125.0600
1,"[2016-10-25 08:20:00,2016-10-25 08:40:00)",0,132.6200
1,"[2016-10-25 08:40:00,2016-10-25 09:00:00)",0,97.5300
1,"[2016-10-25 09:00:00,2016-10-25 09:20:00)",0,103.3100
1,"[2016-10-25 09:20:00,2016-10-25 09:40:00)",0,114.0800
1,"[2016-10-25 09:40:00,2016-10-25 10:00:00)",0,127.3600
1,"[2016-10-25 08:00:00,2016-10-25 08:20:00)",1,112.7600
1,"[2016-10-25 08:20:00,2016-10-25 08:40:00)",1,112.0400
1,"[2016-10-25 08:40:00,2016-10-25 09:00:00)",1,109.0300
1,"[2016-10-25 09:00:00,2016-10-25 09:20:00)",1,126.4700
1,"[2016-10-25 09:20:00,2016-10-25 09:40:00)",1,120.0500
1,"[2016-10-25 09:40:00,2016-10-25 10:00:00)",1,110.6500
1,"[2016-10-25 08:00:00,2016-10-25 08:20:00)",1,111.0000
1,"[2016-10-25 08:20:00,2016-10-25 08:40:00)",1,111.7200
1,"[2016-10-25 08:40:00,2016-10-25 09:00:00)",1,115.3900
1,"[2016-10-25 09:00:00,2016-10-25 09:20:00)",1,123.7200
1,"[2016-10-25 09:20:00,2016-10-25 09:40:00)",1,115.1700
1,"[2016-10-25 09:40:00,2016-10-25 10:00:00)",1,107.2800
1,"[2016-10-25 08:00:00,2016-10-25 08:20:00)",1,101.4900
1,"[2016-10-25 08:20:00,2016-10-25 08:40:00)",1,109.0800
1,"[2016-10-25 08:40:00,2016-10-25 09:00:00)",1,111.8700
1,"[2016-10-25 09:00:00,2016-10-25 09:20:00)",1,117.2100
1,"[2016-10-25 09:20:00,2016-10-25 09:40:00)",1,108.2000
1,"[2016-10-25 09:40:00,2016-10-25 10:00:00)",1,106.7500
1,"[2016-10-25 08:00:00,2016-10-25 08:20:00)",1,108.5600
1,"[2016-10-25 08:20:00,2016-10-25 08:40:00)",1,110.2300
1,"[2016-10-25 08:40:00,2016-10-25 09:00:00)",1,105.3800
1,"[2016-10-25 09:00:00,2016-10-25 09:20:00)",1,127.2200
1,"[2016-10-25 09:20:00,2016-10-25 09:40:00)",1,109.9200
1,"[2016-10-25 09:40:00,2016-10-25 10:00:00)",1,105.2500
1,"[2016-10-25 08:00:00,2016-10-25 08:20:00)",1,100.0800
1,"[2016-10-25 08:20:00,2016-10-25 08:40:00)",1,111.9500
1,"[2016-10-25 08:40:00,2016-10-25 09:00:00)",1,107.5300
1,"[2016-10-25 09:00:00,2016-10-25 09:20:00)",1,116.9900
1,"[2016-10-25 09:20:00,2016-10-25 09:40:00)",1,109.7000
1,"[2016-10-25 09:40:00,2016-10-25 10:00:00)",1,108.2000
1,"[2016-10-25 08:00:00,2016-10-25 08:20:00)",1,85.7100
1,"[2016-10-25 08:20:00,2016-10-25 08:40:00)",1,93.3200
1,"[2016-10-25 08:40:00,2016-10-25 09:00:00)",1,102.3200
1,"[2016-10-25 09:00:00,2016-10-25 09:20:00)",1,105.4200
1,"[2016-10-25 09:20:00,2016-10-25 09:40:00)",1,110.8000
1,"[2016-10-25 09:40:00,2016-10-25 10:00:00)",1,111.0000
1,"[2016-10-25 08:00:00,2016-10-25 08:20:00)",1,109.0700
1,"[2016-10-25 08:20:00,2016-10-25 08:40:00)",1,112.5900
1,"[2016-10-25 08:40:00,2016-10-25 09:00:00)",1,120.1200
1,"[2016-10-25 09:00:00,2016-10-25 09:20:00)",1,124.5800
1,"[2016-10-25 09:20:00,2016-10-25 09:40:00)",1,112.6000
1,"[2016-10-25 09:40:00,2016-10-25 10:00:00)",1,106.5300
2,"[2016-10-25 08:00:00,2016-10-25 08:20:00)",0,117.3100
2,"[2016-10-25 08:20:00,2016-10-25 08:40:00)",0,112.8400
2,"[2016-10-25 08:40:00,2016-10-25 09:00:00)",0,112.2400
2,"[2016-10-25 09:00:00,2016-10-25 09:20:00)",0,108.0900
2,"[2016-10-25 09:20:00,2016-10-25 09:40:00)",0,94.6700
2,"[2016-10-25 09:40:00,2016-10-25 10:00:00)",0,78.8500
2,"[2016-10-25 08:00:00,2016-10-25 08:20:00)",0,118.0500
2,"[2016-10-25 08:20:00,2016-10-25 08:40:00)",0,112.6900
2,"[2016-10-25 08:40:00,2016-10-25 09:00:00)",0,106.9200
2,"[2016-10-25 09:00:00,2016-10-25 09:20:00)",0,101.0800
2,"[2016-10-25 09:20:00,2016-10-25 09:40:00)",0,91.4900
2,"[2016-10-25 09:40:00,2016-10-25 10:00:00)",0,74.1700
2,"[2016-10-25 08:00:00,2016-10-25 08:20:00)",0,115.2600
2,"[2016-10-25 08:20:00,2016-10-25 08:40:00)",0,119.5800
2,"[2016-10-25 08:40:00,2016-10-25 09:00:00)",0,108.4900
2,"[2016-10-25 09:00:00,2016-10-25 09:20:00)",0,107.1400
2,"[2016-10-25 09:20:00,2016-10-25 09:40:00)",0,92.8900
2,"[2016-10-25 09:40:00,2016-10-25 10:00:00)",0,77.2100
2,"[2016-10-25 08:00:00,2016-10-25 08:20:00)",0,107.3600
2,"[2016-10-25 08:20:00,2016-10-25 08:40:00)",0,109.0200
2,"[2016-10-25 08:40:00,2016-10-25 09:00:00)",0,122.3100
2,"[2016-10-25 09:00:00,2016-10-25 09:20:00)",0,103.9800
2,"[2016-10-25 09:20:00,2016-10-25 09:40:00)",0,98.3700
2,"[2016-10-25 09:40:00,2016-10-25 10:00:00)",0,80.0500
2,"[2016-10-25 08:00:00,2016-10-25 08:20:00)",0,76.9800
2,"[2016-10-25 08:20:00,2016-10-25 08:40:00)",0,85.3000
2,"[2016-10-25 08:40:00,2016-10-25 09:00:00)",0,95.6800
2,"[2016-10-25 09:00:00,2016-10-25 09:20:00)",0,79.4500
2,"[2016-10-25 09:20:00,2016-10-25 09:40:00)",0,95.8200
2,"[2016-10-25 09:40:00,2016-10-25 10:00:00)",0,87.9600
2,"[2016-10-25 08:00:00,2016-10-25 08:20:00)",0,38.9000
2,"[2016-10-25 08:20:00,2016-10-25 08:40:00)",0,53.7800
2,"[2016-10-25 08:40:00,2016-10-25 09:00:00)",0,40.8900
2,"[2016-10-25 09:00:00,2016-10-25 09:20:00)",0,44.0400
2,"[2016-10-25 09:20:00,2016-10-25 09:40:00)",0,32.9600
2,"[2016-10-25 09:40:00,2016-10-25 10:00:00)",0,28.3000
2,"[2016-10-25 08:00:00,2016-10-25 08:20:00)",0,63.4800
2,"[2016-10-25 08:20:00,2016-10-25 08:40:00)",0,64.8100
2,"[2016-10-25 08:40:00,2016-10-25 09:00:00)",0,67.6000
2,"[2016-10-25 09:00:00,2016-10-25 09:20:00)",0,44.2400
2,"[2016-10-25 09:20:00,2016-10-25 09:40:00)",0,29.8100
2,"[2016-10-25 09:40:00,2016-10-25 10:00:00)",0,27.3000
3,"[2016-10-25 08:00:00,2016-10-25 08:20:00)",0,159.0300
3,"[2016-10-25 08:20:00,2016-10-25 08:40:00)",0,161.5700
3,"[2016-10-25 08:40:00,2016-10-25 09:00:00)",0,161.6700
3,"[2016-10-25 09:00:00,2016-10-25 09:20:00)",0,152.3200
3,"[2016-10-25 09:20:00,2016-10-25 09:40:00)",0,139.1700
3,"[2016-10-25 09:40:00,2016-10-25 10:00:00)",0,130.6300
3,"[2016-10-25 08:00:00,2016-10-25 08:20:00)",0,154.4300
3,"[2016-10-25 08:20:00,2016-10-25 08:40:00)",0,157.9200
3,"[2016-10-25 08:40:00,2016-10-25 09:00:00)",0,143.8900
3,"[2016-10-25 09:00:00,2016-10-25 09:20:00)",0,153.3200
3,"[2016-10-25 09:20:00,2016-10-25 09:40:00)",0,136.5700
3,"[2016-10-25 09:40:00,2016-10-25 10:00:00)",0,128.4200
3,"[2016-10-25 08:00:00,2016-10-25 08:20:00)",0,149.8100
3,"[2016-10-25 08:20:00,2016-10-25 08:40:00)",0,151.1600
3,"[2016-10-25 08:40:00,2016-10-25 09:00:00)",0,145.4500
3,"[2016-10-25 09:00:00,2016-10-25 09:20:00)",0,146.7500
3,"[2016-10-25 09:20:00,2016-10-25 09:40:00)",0,126.7600
3,"[2016-10-25 09:40:00,2016-10-25 10:00:00)",0,106.6200
3,"[2016-10-25 08:00:00,2016-10-25 08:20:00)",0,146.2100
3,"[2016-10-25 08:20:00,2016-10-25 08:40:00)",0,141.2700
3,"[2016-10-25 08:40:00,2016-10-25 09:00:00)",0,144.4700
3,"[2016-10-25 09:00:00,2016-10-25 09:20:00)",0,160.5700
3,"[2016-10-25 09:20:00,2016-10-25 09:40:00)",0,144.2900
3,"[2016-10-25 09:40:00,2016-10-25 10:00:00)",0,118.5900
3,"[2016-10-25 08:00:00,2016-10-25 08:20:00)",0,97.6700
3,"[2016-10-25 08:20:00,2016-10-25 08:40:00)",0,113.0000
3,"[2016-10-25 08:40:00,2016-10-25 09:00:00)",0,107.9900
3,"[2016-10-25 09:00:00,2016-10-25 09:20:00)",0,106.4900
3,"[2016-10-25 09:20:00,2016-10-25 09:40:00)",0,107.7000
3,"[2016-10-25 09:40:00,2016-10-25 10:00:00)",0,93.4300
3,"[2016-10-25 08:00:00,2016-10-25 08:20:00)",0,100.5400
3,"[2016-10-25 08:20:00,2016-10-25 08:40:00)",0,92.7200
3,"[2016-10-25 08:40:00,2016-10-25 09:00:00)",0,106.3400
3,"[2016-10-25 09:00:00,2016-10-25 09:20:00)",0,99.3100
3,"[2016-10-25 09:20:00,2016-10-25 09:40:00)",0,109.9500
3,"[2016-10-25 09:40:00,2016-10-25 10:00:00)",0,103.9800
3,"[2016-10-25 08:00:00,2016-10-25 08:20:00)",0,165.3400
3,"[2016-10-25 08:20:00,2016-10-25 08:40:00)",0,169.2300
3,"[2016-10-25 08:40:00,2016-10-25 09:00:00)",0,153.4600
3,"[2016-10-25 09:00:00,2016-10-25 09:20:00)",0,144.3400
3,"[2016-10-25 09:20:00,2016-10-25 09:40:00)",0,145.0200
3,"[2016-10-25 09:40:00,2016-10-25 10:00:00)",0,129.1400
3,"[2016-10-25 08:00:00,2016-10-25 08:20:00)",1,123.6200
3,"[2016-10-25 08:20:00,2016-10-25 08:40:00)",1,120.2500
3,"[2016-10-25 08:40:00,2016-10-25 09:00:00)",1,139.1800
3,"[2016-10-25 09:00:00,2016-10-25 09:20:00)",1,122.0600
3,"[2016-10-25 09:20:00,2016-10-25 09:40:00)",1,122.7700
3,"[2016-10-25 09:40:00,2016-10-25 10:00:00)",1,100.4700
3,"[2016-10-25 08:00:00,2016-10-25 08:20:00)",1,120.4300
3,"[2016-10-25 08:20:00,2016-10-25 08:40:00)",1,115.9300
3,"[2016-10-25 08:40:00,2016-10-25 09:00:00)",1,126.6800
3,"[2016-10-25 09:00:00,2016-10-25 09:20:00)",1,121.3300
3,"[2016-10-25 09:20:00,2016-10-25 09:40:00)",1,119.6900
3,"[2016-10-25 09:40:00,2016-10-25 10:00:00)",1,93.2800
3,"[2016-10-25 08:00:00,2016-10-25 08:20:00)",1,118.1500
3,"[2016-10-25 08:20:00,2016-10-25 08:40:00)",1,111.0100
3,"[2016-10-25 08:40:00,2016-10-25 09:00:00)",1,125.2600
3,"[2016-10-25 09:00:00,2016-10-25 09:20:00)",1,118.6900
3,"[2016-10-25 09:20:00,2016-10-25 09:40:00)",1,118.1400
3,"[2016-10-25 09:40:00,2016-10-25 10:00:00)",1,102.5400
3,"[2016-10-25 08:00:00,2016-10-25 08:20:00)",1,87.8200
3,"[2016-10-25 08:20:00,2016-10-25 08:40:00)",1,98.3300
3,"[2016-10-25 08:40:00,2016-10-25 09:00:00)",1,109.3000
3,"[2016-10-25 09:00:00,2016-10-25 09:20:00)",1,101.7300
3,"[2016-10-25 09:20:00,2016-10-25 09:40:00)",1,103.6400
3,"[2016-10-25 09:40:00,2016-10-25 10:00:00)",1,102.1000
3,"[2016-10-25 08:00:00,2016-10-25 08:20:00)",1,101.8500
3,"[2016-10-25 08:20:00,2016-10-25 08:40:00)",1,108.5800
3,"[2016-10-25 08:40:00,2016-10-25 09:00:00)",1,123.3300
3,"[2016-10-25 09:00:00,2016-10-25 09:20:00)",1,126.2700
3,"[2016-10-25 09:20:00,2016-10-25 09:40:00)",1,108.7000
3,"[2016-10-25 09:40:00,2016-10-25 10:00:00)",1,97.3400
3,"[2016-10-25 08:00:00,2016-10-25 08:20:00)",1,94.8900
3,"[2016-10-25 08:20:00,2016-10-25 08:40:00)",1,99.1700
3,"[2016-10-25 08:40:00,2016-10-25 09:00:00)",1,105.3700
3,"[2016-10-25 09:00:00,2016-10-25 09:20:00)",1,107.4600
3,"[2016-10-25 09:20:00,2016-10-25 09:40:00)",1,100.7100
3,"[2016-10-25 09:40:00,2016-10-25 10:00:00)",1,106.7100
3,"[2016-10-25 08:00:00,2016-10-25 08:20:00)",1,119.1300
3,"[2016-10-25 08:20:00,2016-10-25 08:40:00)",1,123.3000
3,"[2016-10-25 08:40:00,2016-10-25 09:00:00)",1,142.7700
3,"[2016-10-25 09:00:00,2016-10-25 09:20:00)",1,129.6500
3,"[2016-10-25 09:20:00,2016-10-25 09:40:00)",1,125.4500
3,"[2016-10-25 09:40:00,2016-10-25 10:00:00)",1,100.2900
1,"[2016-10-25 17:00:00,2016-10-25 17:20:00)",0,41.4800
1,"[2016-10-25 17:20:00,2016-10-25 17:40:00)",0,37.6300
1,"[2016-10-25 17:40:00,2016-10-25 18:00:00)",0,30.4700
1,"[2016-10-25 18:00:00,2016-10-25 18:20:00)",0,28.5300
1,"[2016-10-25 18:20:00,2016-10-25 18:40:00)",0,23.6600
1,"[2016-10-25 18:40:00,2016-10-25 19:00:00)",0,19.9600
1,"[2016-10-25 17:00:00,2016-10-25 17:20:00)",0,40.1700
1,"[2016-10-25 17:20:00,2016-10-25 17:40:00)",0,39.8400
1,"[2016-10-25 17:40:00,2016-10-25 18:00:00)",0,28.6800
1,"[2016-10-25 18:00:00,2016-10-25 18:20:00)",0,26.6800
1,"[2016-10-25 18:20:00,2016-10-25 18:40:00)",0,23.1500
1,"[2016-10-25 18:40:00,2016-10-25 19:00:00)",0,19.8800
1,"[2016-10-25 17:00:00,2016-10-25 17:20:00)",0,39.4300
1,"[2016-10-25 17:20:00,2016-10-25 17:40:00)",0,38.6500
1,"[2016-10-25 17:40:00,2016-10-25 18:00:00)",0,30.1400
1,"[2016-10-25 18:00:00,2016-10-25 18:20:00)",0,26.1300
1,"[2016-10-25 18:20:00,2016-10-25 18:40:00)",0,20.6100
1,"[2016-10-25 18:40:00,2016-10-25 19:00:00)",0,20.4100
1,"[2016-10-25 17:00:00,2016-10-25 17:20:00)",0,59.9900
1,"[2016-10-25 17:20:00,2016-10-25 17:40:00)",0,46.8700
1,"[2016-10-25 17:40:00,2016-10-25 18:00:00)",0,38.6900
1,"[2016-10-25 18:00:00,2016-10-25 18:20:00)",0,36.8900
1,"[2016-10-25 18:20:00,2016-10-25 18:40:00)",0,33.0700
1,"[2016-10-25 18:40:00,2016-10-25 19:00:00)",0,38.9800
1,"[2016-10-25 17:00:00,2016-10-25 17:20:00)",0,45.5100
1,"[2016-10-25 17:20:00,2016-10-25 17:40:00)",0,40.3000
1,"[2016-10-25 17:40:00,2016-10-25 18:00:00)",0,34.5700
1,"[2016-10-25 18:00:00,2016-10-25 18:20:00)",0,28.3400
1,"[2016-10-25 18:20:00,2016-10-25 18:40:00)",0,26.9200
1,"[2016-10-25 18:40:00,2016-10-25 19:00:00)",0,25.4600
1,"[2016-10-25 17:00:00,2016-10-25 17:20:00)",0,77.2900
1,"[2016-10-25 17:20:00,2016-10-25 17:40:00)",0,84.3100
1,"[2016-10-25 17:40:00,2016-10-25 18:00:00)",0,103.3700
1,"[2016-10-25 18:00:00,2016-10-25 18:20:00)",0,110.0000
1,"[2016-10-25 18:20:00,2016-10-25 18:40:00)",0,128.6000
1,"[2016-10-25 18:40:00,2016-10-25 19:00:00)",0,117.6300
1,"[2016-10-25 17:00:00,2016-10-25 17:20:00)",0,61.0900
1,"[2016-10-25 17:20:00,2016-10-25 17:40:00)",0,53.3400
1,"[2016-10-25 17:40:00,2016-10-25 18:00:00)",0,46.3300
1,"[2016-10-25 18:00:00,2016-10-25 18:20:00)",0,52.2700
1,"[2016-10-25 18:20:00,2016-10-25 18:40:00)",0,46.4300
1,"[2016-10-25 18:40:00,2016-10-25 19:00:00)",0,43.8600
1,"[2016-10-25 17:00:00,2016-10-25 17:20:00)",1,105.7300
1,"[2016-10-25 17:20:00,2016-10-25 17:40:00)",1,121.6300
1,"[2016-10-25 17:40:00,2016-10-25 18:00:00)",1,116.1300
1,"[2016-10-25 18:00:00,2016-10-25 18:20:00)",1,65.3900
1,"[2016-10-25 18:20:00,2016-10-25 18:40:00)",1,82.7300
1,"[2016-10-25 18:40:00,2016-10-25 19:00:00)",1,70.0300
1,"[2016-10-25 17:00:00,2016-10-25 17:20:00)",1,102.8400
1,"[2016-10-25 17:20:00,2016-10-25 17:40:00)",1,110.9400
1,"[2016-10-25 17:40:00,2016-10-25 18:00:00)",1,116.8300
1,"[2016-10-25 18:00:00,2016-10-25 18:20:00)",1,67.0300
1,"[2016-10-25 18:20:00,2016-10-25 18:40:00)",1,86.2000
1,"[2016-10-25 18:40:00,2016-10-25 19:00:00)",1,68.1000
1,"[2016-10-25 17:00:00,2016-10-25 17:20:00)",1,97.5800
1,"[2016-10-25 17:20:00,2016-10-25 17:40:00)",1,101.8700
1,"[2016-10-25 17:40:00,2016-10-25 18:00:00)",1,113.3800
1,"[2016-10-25 18:00:00,2016-10-25 18:20:00)",1,68.5100
1,"[2016-10-25 18:20:00,2016-10-25 18:40:00)",1,79.8200
1,"[2016-10-25 18:40:00,2016-10-25 19:00:00)",1,63.3600
1,"[2016-10-25 17:00:00,2016-10-25 17:20:00)",1,109.1200
1,"[2016-10-25 17:20:00,2016-10-25 17:40:00)",1,116.9700
1,"[2016-10-25 17:40:00,2016-10-25 18:00:00)",1,130.7900
1,"[2016-10-25 18:00:00,2016-10-25 18:20:00)",1,78.4000
1,"[2016-10-25 18:20:00,2016-10-25 18:40:00)",1,84.9200
1,"[2016-10-25 18:40:00,2016-10-25 19:00:00)",1,81.6600
1,"[2016-10-25 17:00:00,2016-10-25 17:20:00)",1,95.7800
1,"[2016-10-25 17:20:00,2016-10-25 17:40:00)",1,104.2700
1,"[2016-10-25 17:40:00,2016-10-25 18:00:00)",1,113.6900
1,"[2016-10-25 18:00:00,2016-10-25 18:20:00)",1,65.2200
1,"[2016-10-25 18:20:00,2016-10-25 18:40:00)",1,80.9400
1,"[2016-10-25 18:40:00,2016-10-25 19:00:00)",1,67.6000
1,"[2016-10-25 17:00:00,2016-10-25 17:20:00)",1,106.8600
1,"[2016-10-25 17:20:00,2016-10-25 17:40:00)",1,131.8800
1,"[2016-10-25 17:40:00,2016-10-25 18:00:00)",1,107.0100
1,"[2016-10-25 18:00:00,2016-10-25 18:20:00)",1,75.6200
1,"[2016-10-25 18:20:00,2016-10-25 18:40:00)",1,75.4000
1,"[2016-10-25 18:40:00,2016-10-25 19:00:00)",1,75.9500
1,"[2016-10-25 17:00:00,2016-10-25 17:20:00)",1,105.8200
1,"[2016-10-25 17:20:00,2016-10-25 17:40:00)",1,102.9100
1,"[2016-10-25 17:40:00,2016-10-25 18:00:00)",1,116.0100
1,"[2016-10-25 18:00:00,2016-10-25 18:20:00)",1,68.0700
1,"[2016-10-25 18:20:00,2016-10-25 18:40:00)",1,78.2500
1,"[2016-10-25 18:40:00,2016-10-25 19:00:00)",1,68.0900
2,"[2016-10-25 17:00:00,2016-10-25 17:20:00)",0,84.0700
2,"[2016-10-25 17:20:00,2016-10-25 17:40:00)",0,79.7200
2,"[2016-10-25 17:40:00,2016-10-25 18:00:00)",0,71.0200
2,"[2016-10-25 18:00:00,2016-10-25 18:20:00)",0,61.9900
2,"[2016-10-25 18:20:00,2016-10-25 18:40:00)",0,54.3300
2,"[2016-10-25 18:40:00,2016-10-25 19:00:00)",0,52.5100
2,"[2016-10-25 17:00:00,2016-10-25 17:20:00)",0,77.9700
2,"[2016-10-25 17:20:00,2016-10-25 17:40:00)",0,74.9000
2,"[2016-10-25 17:40:00,2016-10-25 18:00:00)",0,69.1400
2,"[2016-10-25 18:00:00,2016-10-25 18:20:00)",0,61.6300
2,"[2016-10-25 18:20:00,2016-10-25 18:40:00)",0,53.6400
2,"[2016-10-25 18:40:00,2016-10-25 19:00:00)",0,51.9400
2,"[2016-10-25 17:00:00,2016-10-25 17:20:00)",0,77.7400
2,"[2016-10-25 17:20:00,2016-10-25 17:40:00)",0,66.9800
2,"[2016-10-25 17:40:00,2016-10-25 18:00:00)",0,65.6200
2,"[2016-10-25 18:00:00,2016-10-25 18:20:00)",0,61.4300
2,"[2016-10-25 18:20:00,2016-10-25 18:40:00)",0,54.0200
2,"[2016-10-25 18:40:00,2016-10-25 19:00:00)",0,46.9500
2,"[2016-10-25 17:00:00,2016-10-25 17:20:00)",0,87.6500
2,"[2016-10-25 17:20:00,2016-10-25 17:40:00)",0,90.7200
2,"[2016-10-25 17:40:00,2016-10-25 18:00:00)",0,83.7600
2,"[2016-10-25 18:00:00,2016-10-25 18:20:00)",0,68.4700
2,"[2016-10-25 18:20:00,2016-10-25 18:40:00)",0,63.8500
2,"[2016-10-25 18:40:00,2016-10-25 19:00:00)",0,66.8400
2,"[2016-10-25 17:00:00,2016-10-25 17:20:00)",0,77.2500
2,"[2016-10-25 17:20:00,2016-10-25 17:40:00)",0,74.6100
2,"[2016-10-25 17:40:00,2016-10-25 18:00:00)",0,65.3100
2,"[2016-10-25 18:00:00,2016-10-25 18:20:00)",0,51.1800
2,"[2016-10-25 18:20:00,2016-10-25 18:40:00)",0,51.8100
2,"[2016-10-25 18:40:00,2016-10-25 19:00:00)",0,36.8500
2,"[2016-10-25 17:00:00,2016-10-25 17:20:00)",0,57.3700
2,"[2016-10-25 17:20:00,2016-10-25 17:40:00)",0,74.1000
2,"[2016-10-25 17:40:00,2016-10-25 18:00:00)",0,60.7400
2,"[2016-10-25 18:00:00,2016-10-25 18:20:00)",0,48.5300
2,"[2016-10-25 18:20:00,2016-10-25 18:40:00)",0,47.2400
2,"[2016-10-25 18:40:00,2016-10-25 19:00:00)",0,49.8200
2,"[2016-10-25 17:00:00,2016-10-25 17:20:00)",0,56.7400
2,"[2016-10-25 17:20:00,2016-10-25 17:40:00)",0,73.6000
2,"[2016-10-25 17:40:00,2016-10-25 18:00:00)",0,67.4000
2,"[2016-10-25 18:00:00,2016-10-25 18:20:00)",0,49.4600
2,"[2016-10-25 18:20:00,2016-10-25 18:40:00)",0,54.0300
2,"[2016-10-25 18:40:00,2016-10-25 19:00:00)",0,48.2000
3,"[2016-10-25 17:00:00,2016-10-25 17:20:00)",0,120.5500
3,"[2016-10-25 17:20:00,2016-10-25 17:40:00)",0,119.1300
3,"[2016-10-25 17:40:00,2016-10-25 18:00:00)",0,108.4700
3,"[2016-10-25 18:00:00,2016-10-25 18:20:00)",0,89.0400
3,"[2016-10-25 18:20:00,2016-10-25 18:40:00)",0,82.7000
3,"[2016-10-25 18:40:00,2016-10-25 19:00:00)",0,64.7700
3,"[2016-10-25 17:00:00,2016-10-25 17:20:00)",0,116.0500
3,"[2016-10-25 17:20:00,2016-10-25 17:40:00)",0,114.0800
3,"[2016-10-25 17:40:00,2016-10-25 18:00:00)",0,102.1100
3,"[2016-10-25 18:00:00,2016-10-25 18:20:00)",0,83.9900
3,"[2016-10-25 18:20:00,2016-10-25 18:40:00)",0,71.1700
3,"[2016-10-25 18:40:00,2016-10-25 19:00:00)",0,66.1300
3,"[2016-10-25 17:00:00,2016-10-25 17:20:00)",0,107.9700
3,"[2016-10-25 17:20:00,2016-10-25 17:40:00)",0,109.7800
3,"[2016-10-25 17:40:00,2016-10-25 18:00:00)",0,97.7600
3,"[2016-10-25 18:00:00,2016-10-25 18:20:00)",0,78.8800
3,"[2016-10-25 18:20:00,2016-10-25 18:40:00)",0,65.5300
3,"[2016-10-25 18:40:00,2016-10-25 19:00:00)",0,55.9100
3,"[2016-10-25 17:00:00,2016-10-25 17:20:00)",0,136.3200
3,"[2016-10-25 17:20:00,2016-10-25 17:40:00)",0,118.2600
3,"[2016-10-25 17:40:00,2016-10-25 18:00:00)",0,131.0600
3,"[2016-10-25 18:00:00,2016-10-25 18:20:00)",0,99.7100
3,"[2016-10-25 18:20:00,2016-10-25 18:40:00)",0,111.2300
3,"[2016-10-25 18:40:00,2016-10-25 19:00:00)",0,80.3600
3,"[2016-10-25 17:00:00,2016-10-25 17:20:00)",0,117.9100
3,"[2016-10-25 17:20:00,2016-10-25 17:40:00)",0,117.6900
3,"[2016-10-25 17:40:00,2016-10-25 18:00:00)",0,99.9400
3,"[2016-10-25 18:00:00,2016-10-25 18:20:00)",0,86.1500
3,"[2016-10-25 18:20:00,2016-10-25 18:40:00)",0,87.6000
3,"[2016-10-25 18:40:00,2016-10-25 19:00:00)",0,66.4500
3,"[2016-10-25 17:00:00,2016-10-25 17:20:00)",0,133.0500
3,"[2016-10-25 17:20:00,2016-10-25 17:40:00)",0,121.5200
3,"[2016-10-25 17:40:00,2016-10-25 18:00:00)",0,100.4600
3,"[2016-10-25 18:00:00,2016-10-25 18:20:00)",0,79.4500
3,"[2016-10-25 18:20:00,2016-10-25 18:40:00)",0,92.8300
3,"[2016-10-25 18:40:00,2016-10-25 19:00:00)",0,72.4900
3,"[2016-10-25 17:00:00,2016-10-25 17:20:00)",0,122.4200
3,"[2016-10-25 17:20:00,2016-10-25 17:40:00)",0,113.0100
3,"[2016-10-25 17:40:00,2016-10-25 18:00:00)",0,101.1800
3,"[2016-10-25 18:00:00,2016-10-25 18:20:00)",0,79.3200
3,"[2016-10-25 18:20:00,2016-10-25 18:40:00)",0,81.3300
3,"[2016-10-25 18:40:00,2016-10-25 19:00:00)",0,64.4000
3,"[2016-10-25 17:00:00,2016-10-25 17:20:00)",1,81.1200
3,"[2016-10-25 17:20:00,2016-10-25 17:40:00)",1,88.0700
3,"[2016-10-25 17:40:00,2016-10-25 18:00:00)",1,92.9900
3,"[2016-10-25 18:00:00,2016-10-25 18:20:00)",1,68.2900
3,"[2016-10-25 18:20:00,2016-10-25 18:40:00)",1,70.0800
3,"[2016-10-25 18:40:00,2016-10-25 19:00:00)",1,80.4300
3,"[2016-10-25 17:00:00,2016-10-25 17:20:00)",1,82.2700
3,"[2016-10-25 17:20:00,2016-10-25 17:40:00)",1,84.3500
3,"[2016-10-25 17:40:00,2016-10-25 18:00:00)",1,94.5800
3,"[2016-10-25 18:00:00,2016-10-25 18:20:00)",1,67.4600
3,"[2016-10-25 18:20:00,2016-10-25 18:40:00)",1,69.0600
3,"[2016-10-25 18:40:00,2016-10-25 19:00:00)",1,74.1800
3,"[2016-10-25 17:00:00,2016-10-25 17:20:00)",1,85.2000
3,"[2016-10-25 17:20:00,2016-10-25 17:40:00)",1,93.6900
3,"[2016-10-25 17:40:00,2016-10-25 18:00:00)",1,96.5300
3,"[2016-10-25 18:00:00,2016-10-25 18:20:00)",1,72.8200
3,"[2016-10-25 18:20:00,2016-10-25 18:40:00)",1,77.8800
3,"[2016-10-25 18:40:00,2016-10-25 19:00:00)",1,79.2900
3,"[2016-10-25 17:00:00,2016-10-25 17:20:00)",1,96.3500
3,"[2016-10-25 17:20:00,2016-10-25 17:40:00)",1,92.5700
3,"[2016-10-25 17:40:00,2016-10-25 18:00:00)",1,87.3400
3,"[2016-10-25 18:00:00,2016-10-25 18:20:00)",1,75.5700
3,"[2016-10-25 18:20:00,2016-10-25 18:40:00)",1,84.1800
3,"[2016-10-25 18:40:00,2016-10-25 19:00:00)",1,72.9800
3,"[2016-10-25 17:00:00,2016-10-25 17:20:00)",1,94.0900
3,"[2016-10-25 17:20:00,2016-10-25 17:40:00)",1,84.9900
3,"[2016-10-25 17:40:00,2016-10-25 18:00:00)",1,99.9000
3,"[2016-10-25 18:00:00,2016-10-25 18:20:00)",1,74.7700
3,"[2016-10-25 18:20:00,2016-10-25 18:40:00)",1,70.8100
3,"[2016-10-25 18:40:00,2016-10-25 19:00:00)",1,68.1800
3,"[2016-10-25 17:00:00,2016-10-25 17:20:00)",1,96.3700
3,"[2016-10-25 17:20:00,2016-10-25 17:40:00)",1,104.3300
3,"[2016-10-25 17:40:00,2016-10-25 18:00:00)",1,101.6000
3,"[2016-10-25 18:00:00,2016-10-25 18:20:00)",1,76.6800
3,"[2016-10-25 18:20:00,2016-10-25 18:40:00)",1,95.6800
3,"[2016-10-25 18:40:00,2016-10-25 19:00:00)",1,59.7000
3,"[2016-10-25 17:00:00,2016-10-25 17:20:00)",1,83.0700
3,"[2016-10-25 17:20:00,2016-10-25 17:40:00)",1,80.2500
3,"[2016-10-25 17:40:00,2016-10-25 18:00:00)",1,85.4400
3,"[2016-10-25 18:00:00,2016-10-25 18:20:00)",1,78.2300
3,"[2016-10-25 18:20:00,2016-10-25 18:40:00)",1,66.7600
3,"[2016-10-25 18:40:00,2016-10-25 19:00:00)",1,85.2700
